policy,rho,slo,viol,goodput,cgoodput,cslo,energy_per_good,throttled,hops,slo_LS<1,slo_LS>1,slo_FS<1,slo_FS>1,exp,seed,capscale,sens_hi,beta,theta
local,0.4,0.549009105516872,0.19442956614890197,533.0,436.88,0.45000206007169047,17.053692356716525,0.0075810638210209716,0.0,0.5489657468681067,0.5029585798816568,0.6875,0.5454545454545454,A_load,1,1.0,0.4,1.0,0.25
local,0.4,0.4765509989484753,0.1104521556256572,453.2,390.08,0.41017875920084124,18.76754242169394,0.00012618296529968455,0.0,0.47578625695004456,0.6038961038961039,0.45652173913043476,0.42857142857142855,A_load,2,1.0,0.4,1.0,0.25
local,0.4,0.47376099739157346,0.15036031654803483,428.64,373.08,0.4123524470577833,22.04907706389717,0.0,0.0,0.47404164060405685,0.4431137724550898,0.49056603773584906,0.35294117647058826,A_load,3,1.0,0.4,1.0,0.25
local,0.4,0.6609613845156863,0.16216216216216217,693.56,574.56,0.5475546067929706,13.234035236154408,0.002134715815957001,0.0,0.6608043101789494,0.6935483870967742,0.7021276595744681,0.4,A_load,4,1.0,0.4,1.0,0.25
rr,0.4,0.9938197849285155,0.18532404927691484,964.84,786.0,0.8096081743644679,9.317038707070159,0.005520992130526143,0.2616703061266532,0.993881882881758,0.9881656804733728,1.0,0.9090909090909091,A_load,1,1.0,0.4,1.0,0.25
local,0.4,0.42729631095282067,0.15873015873015872,388.72,324.16,0.3563294200413314,23.438923390755278,0.0,0.0,0.4277402735832297,0.3924050632911392,0.40384615384615385,0.23529411764705882,A_load,5,1.0,0.4,1.0,0.25
rr,0.4,0.9732083646491887,0.17312878553428535,880.52,727.96,0.8045890622927627,10.768052960374488,0.009018966355718644,0.4520977938900924,0.9731927441694218,0.9700598802395209,1.0,0.9411764705882353,A_load,3,1.0,0.4,1.0,0.25
rr,0.4,0.99465825446898,0.1303049421661409,945.92,822.64,0.8650262881177707,8.791292948147753,0.04,0.356130389064143,0.9947370654895802,1.0,0.9782608695652174,0.8571428571428571,A_load,2,1.0,0.4,1.0,0.25
rr,0.4,0.976520247988392,0.181550367145935,888.36,727.84,0.8000703513168888,10.201373205067867,0.0,0.41889812249923053,0.9769941375022206,0.930379746835443,0.9807692307692307,0.7647058823529411,A_load,5,1.0,0.4,1.0,0.25
rr,0.4,0.9966454465749247,0.16685091297221058,1045.8,871.96,0.8309762512865475,8.735306060802332,0.002325315442381733,0.21953264971600656,0.9966519145660958,1.0,1.0,0.9333333333333333,A_load,4,1.0,0.4,1.0,0.25
epara,0.4,0.9997115899633308,0.1856948621812039,970.56,790.28,0.8140167277821269,9.25129783437363,0.004243747682419348,0.21091013967286062,0.9997086610896075,1.0,1.0,1.0,A_load,1,1.0,0.4,1.0,0.25
epara,0.4,0.9997476340694006,0.1265615141955836,950.76,830.4,0.873186119873817,8.740450824090043,0.035709779179810726,0.3163827549947424,0.999745341878528,1.0,1.0,1.0,A_load,2,1.0,0.4,1.0,0.25
epara,0.4,0.9991599982315752,0.1710508864229188,904.0,749.48,0.8283743755250011,10.526201319324109,0.0253326849109156,0.33029753746849994,0.9991511035653651,1.0,1.0,1.0,A_load,3,1.0,0.4,1.0,0.25
epara,0.4,0.9998856402241452,0.1680326306560439,1049.2,872.96,0.8319292494186712,8.705804687749769,0.001219837609118286,0.17592345519002783,0.9998845487781413,1.0,1.0,1.0,A_load,4,1.0,0.4,1.0,0.25
epara,0.4,0.9994283955502792,0.176713714109836,909.2,748.56,0.8228465901596096,9.96882787115498,0.001187178472497032,0.214307699072242,0.9994226327944573,1.0,1.0,1.0,A_load,5,1.0,0.4,1.0,0.25
epara_priv,0.4,0.9925837419142186,0.0,963.64,963.64,0.9925837419142186,9.232361473026408,0.0,0.37670470932388445,0.9927165272401881,0.9881656804733728,0.96875,0.9090909090909091,A_load,1,1.0,0.4,1.0,0.25
epara_priv,0.4,0.9904942166140904,0.0,941.96,941.96,0.9904942166140904,8.816510919266184,0.028980021030494216,0.3769926393270242,0.9904078774245575,1.0,1.0,1.0,A_load,2,1.0,0.4,1.0,0.25
epara_priv,0.4,0.9871789203766744,0.0,893.16,893.16,0.9871789203766744,10.508517368639383,0.009416861930235642,0.40607453910429286,0.987311232240193,0.9880239520958084,0.9433962264150944,0.9411764705882353,A_load,3,1.0,0.4,1.0,0.25
epara_priv,0.4,0.9931384134487097,0.0,1042.12,1042.12,0.9931384134487097,8.641876630646872,0.02451111195822056,0.3077040369000877,0.9931883779103329,0.9946236559139785,1.0,0.8666666666666667,A_load,4,1.0,0.4,1.0,0.25
epara_priv,0.4,0.9375632062612672,0.0,852.92,852.92,0.9375632062612672,10.274816302443794,0.00017587829222178252,0.37739084553488983,0.9375999289394209,0.930379746835443,0.9615384615384616,0.8823529411764706,A_load,5,1.0,0.4,1.0,0.25
energy,0.4,0.999587985661901,0.18771373243788883,970.44,788.32,0.8119978575254418,9.253421155485823,0.005150179226237073,0.2364138272011866,0.9995838015565822,1.0,1.0,1.0,A_load,1,1.0,0.4,1.0,0.25
energy,0.4,0.9994111461619348,0.12630914826498424,950.44,830.36,0.8731440588853838,8.741166433979885,0.033648790746582544,0.30544689800210306,0.9994057977165655,1.0,1.0,1.0,A_load,2,1.0,0.4,1.0,0.25
energy,0.4,0.999204208850966,0.16914982978911536,904.04,751.08,0.8301428003006323,10.451110562219432,0.0032273752155267694,0.28259427914585084,0.9991957823250827,1.0,1.0,1.0,A_load,3,1.0,0.4,1.0,0.25
energy,0.4,0.9999618800747151,0.16791827088018907,1049.28,873.12,0.8320817291198109,8.705099762110265,0.0011817176838333397,0.16410627835169442,0.9999615162593805,1.0,1.0,1.0,A_load,4,1.0,0.4,1.0,0.25
energy,0.4,0.9990766389658357,0.17020621729763005,908.88,754.32,0.8291782086795937,9.971054375114527,0.0,0.22534406190915887,0.9990673298987387,1.0,1.0,1.0,A_load,5,1.0,0.4,1.0,0.25
ours,0.4,0.9960858637880599,0.0,967.04,967.04,0.9960858637880599,9.261732737146119,0.0,0.40612253306415064,0.9961293544762143,0.9881656804733728,1.0,1.0,A_load,1,1.0,0.4,1.0,0.25
ours,0.4,0.9905362776025236,0.0,942.0,942.0,0.9905362776025236,8.787260112008068,0.002733964248159832,0.4443322818086225,0.9904503204448029,1.0,1.0,1.0,A_load,2,1.0,0.4,1.0,0.25
ours,0.4,0.9896105044431672,0.0,895.36,895.36,0.9896105044431672,10.464667812917495,0.0015473716786772182,0.4413546133781334,0.9896792065052274,0.9880239520958084,0.9811320754716981,0.9411764705882353,A_load,3,1.0,0.4,1.0,0.25
ours,0.4,0.9968360462013495,0.0,1046.0,1046.0,0.9968360462013495,8.558314793813928,0.0,0.30697975831967367,0.9968443332691937,1.0,1.0,0.9333333333333333,A_load,4,1.0,0.4,1.0,0.25
ours,0.4,0.9388383238798751,0.0,854.08,854.08,0.9388383238798751,10.260979206491616,0.00013190871916633689,0.34239106538275516,0.9388879019364008,0.930379746835443,0.9615384615384616,0.8823529411764706,A_load,5,1.0,0.4,1.0,0.25
local,0.6,0.39379291403460587,0.19733589673166713,573.52,462.6,0.31763251853886293,20.857539358250765,0.021093106289480912,0.0,0.39326776561850674,0.47844827586206895,0.421875,0.2631578947368421,A_load,1,1.0,0.4,1.0,0.25
local,0.6,0.2583387101298847,0.11086486941397593,368.36,310.88,0.21802676242040003,34.53135135950205,0.0009257441018879569,0.0,0.25728444003964324,0.4050632911392405,0.2875,0.26666666666666666,A_load,2,1.0,0.4,1.0,0.25
local,0.6,0.25231214726826817,0.15152321011730638,341.56,292.76,0.21626333362881542,37.04496825475979,0.0009159944449369146,0.0,0.25158922016295104,0.3474576271186441,0.3375,0.0,A_load,3,1.0,0.4,1.0,0.25
local,0.6,0.3896881581284413,0.1577224632716754,614.32,501.04,0.3178300474486818,23.00860317714638,0.00702849458273071,0.0,0.3891393442622951,0.4398496240601504,0.5,0.26666666666666666,A_load,4,1.0,0.4,1.0,0.25
local,0.6,0.37263639295242,0.1622936882530562,508.44,422.16,0.3094016592887925,26.102216617652335,0.00020521239482864764,0.0,0.3720944005211572,0.4396551724137931,0.41379310344827586,0.3333333333333333,A_load,5,1.0,0.4,1.0,0.25
rr,0.6,0.9758857456742653,0.22883823125514968,1421.28,1093.88,0.7510848667948365,8.266478647938396,0.012112057127162868,0.47841252403185935,0.976090871311816,0.9612068965517241,0.953125,0.8421052631578947,A_load,1,1.0,0.4,1.0,0.25
rr,0.6,0.9487474401772941,0.14778242208320475,1352.8,1153.04,0.8086514994249165,9.235662172371828,0.06230538334221673,0.6699582012511571,0.9485204587285856,0.9915611814345991,0.9625,0.7333333333333333,A_load,2,1.0,0.4,1.0,0.25
rr,0.6,0.9000384126702715,0.195756877345389,1218.4,979.48,0.7235469668764589,10.318432827556675,0.015867387642939455,0.8121029459563277,0.9001701137075835,0.902542372881356,0.925,0.55,A_load,3,1.0,0.4,1.0,0.25
rr,0.6,0.9566872193042552,0.1875364745883129,1508.16,1223.48,0.7761031184187156,9.323159547914663,0.055086143462485096,0.5796351272487377,0.9566342213114755,0.9699248120300752,0.9555555555555556,0.8666666666666667,A_load,4,1.0,0.4,1.0,0.25
rr,0.6,0.9254492685643927,0.1842807305561256,1262.72,1031.92,0.7562956231127789,10.467127325993623,0.0031368180352379,0.5937087742956817,0.9253501524977051,0.9353448275862069,0.9540229885057471,0.8571428571428571,A_load,5,1.0,0.4,1.0,0.25
epara,0.6,0.9994507003570448,0.21021697335896733,1455.6,1149.56,0.7893161219445207,8.064963982373031,0.018017028288931612,0.3560010985992859,0.999445906635268,1.0,1.0,1.0,A_load,1,1.0,0.4,1.0,0.25
epara,0.6,0.9974752433584874,0.14643588520773138,1422.28,1214.16,0.8515162566274862,8.795100111640474,0.03422447891828204,0.469885263837069,0.9974515078578507,1.0,1.0,1.0,A_load,2,1.0,0.4,1.0,0.25
epara,0.6,0.9936471353012439,0.18074638773158408,1345.12,1102.12,0.8141417723015099,9.477106694641236,0.062198977632006616,0.4952870608397601,0.9936431193481959,0.9957627118644068,1.0,0.95,A_load,3,1.0,0.4,1.0,0.25
epara,0.6,0.9983760878942427,0.18050798000558219,1573.88,1289.76,0.8181472177818375,8.879187932868229,0.04874273679937073,0.4249828728020096,0.9983862704918033,1.0,0.9888888888888889,1.0,A_load,4,1.0,0.4,1.0,0.25
epara,0.6,0.9960130163290434,0.17979537392629943,1359.0,1114.48,0.8168039635308258,9.782959100131944,0.03315645979302864,0.39893289554689104,0.9960320985460899,1.0,1.0,0.9047619047619048,A_load,5,1.0,0.4,1.0,0.25
epara_priv,0.6,0.9422960725075529,0.0,1372.36,1372.36,0.9422960725075529,8.338881111007069,0.0469925844548201,0.45844548201043667,0.9423465853996399,0.9396551724137931,0.9375,0.8947368421052632,A_load,1,1.0,0.4,1.0,0.25
epara_priv,0.6,0.9697870788565658,0.0,1382.8,1382.8,0.9697870788565658,8.791639786595281,0.009453810979886106,0.5484613010912559,0.9697578932464959,0.9789029535864979,0.9625,0.9333333333333333,A_load,2,1.0,0.4,1.0,0.25
epara_priv,0.6,0.9503885589339006,0.0,1286.56,1286.56,0.9503885589339006,9.639685626543953,0.04181071418018497,0.5381024140885855,0.9506073357805832,0.9279661016949152,0.975,0.75,A_load,3,1.0,0.4,1.0,0.25
epara_priv,0.6,0.9736621755347492,0.0,1534.92,1534.92,0.9736621755347492,9.107679879001644,0.08251503387379158,0.476871939306285,0.9736168032786885,0.9774436090225563,0.9777777777777777,1.0,A_load,4,1.0,0.4,1.0,0.25
epara_priv,0.6,0.9374102195772624,0.0,1279.04,1279.04,0.9374102195772624,10.07487961884151,0.006947905367769927,0.47632728445369527,0.9373426904740754,0.9353448275862069,0.9655172413793104,0.9523809523809523,A_load,5,1.0,0.4,1.0,0.25
energy,0.6,0.9991211205712717,0.22120296621807195,1455.12,1133.2,0.7780829442460863,8.061894532919666,0.012716286734413622,0.3488602032408679,0.999168859952902,0.9956896551724138,1.0,0.9473684210526315,A_load,1,1.0,0.4,1.0,0.25
energy,0.6,0.9970263977333296,0.14769826352848767,1421.64,1211.92,0.8499452969394339,8.669132963889485,0.015681544028950542,0.4932252363452745,0.9970267591674926,0.9957805907172996,1.0,1.0,A_load,2,1.0,0.4,1.0,0.25
energy,0.6,0.994888160033094,0.16895665277900895,1346.8,1119.56,0.8270247909464291,9.348089810733011,0.023549921697249062,0.43890908016428803,0.9949861223028024,0.9872881355932204,1.0,0.9,A_load,3,1.0,0.4,1.0,0.25
energy,0.6,0.999111923067164,0.16944507878511075,1575.04,1308.08,0.8297683387886631,8.853979266420179,0.04245007738956129,0.4204156200045672,0.9991034836065574,1.0,1.0,1.0,A_load,4,1.0,0.4,1.0,0.25
energy,0.6,0.9961595966110639,0.1751927530708569,1359.2,1121.32,0.8218170091759257,9.752723820688006,0.025387704845944124,0.38782211016973994,0.9962393769802493,1.0,0.9885057471264368,0.8571428571428571,A_load,5,1.0,0.4,1.0,0.25
ours,0.6,0.9499313375446305,0.0,1383.48,1383.48,0.9499313375446305,8.226752017738487,0.01164515243065092,0.5088437242515792,0.9499653691647042,0.9482758620689655,0.953125,0.8947368421052632,A_load,1,1.0,0.4,1.0,0.25
ours,0.6,0.9653827811597049,0.0,1376.52,1376.52,0.9653827811597049,8.757376775649655,0.0004768984767301596,0.6038376300950992,0.9653405068667705,0.9704641350210971,0.9625,1.0,A_load,2,1.0,0.4,1.0,0.25
ours,0.6,0.9407262949502113,0.0,1273.48,1273.48,0.9407262949502113,9.61661866671295,0.0015069586029607305,0.5888366870549301,0.9407884919569045,0.9279661016949152,0.9625,0.9,A_load,3,1.0,0.4,1.0,0.25
ours,0.6,0.9730532084950902,0.0,1533.96,1533.96,0.9730532084950902,8.927831431493923,0.007129989089340539,0.5672020501890335,0.9730020491803278,0.9849624060150376,0.9666666666666667,0.9333333333333333,A_load,4,1.0,0.4,1.0,0.25
ours,0.6,0.9462050364984902,0.0,1291.04,1291.04,0.9462050364984902,10.002028390489567,0.006713376916537187,0.5109202310105244,0.9460187735038939,0.9698275862068966,0.9770114942528736,0.8571428571428571,A_load,5,1.0,0.4,1.0,0.25
local,0.8,0.2509067677850136,0.19699530129420492,487.0,375.24,0.1933270134366499,35.07760342579818,0.004760530871321408,0.0,0.24997398922113323,0.375366568914956,0.2616822429906542,0.3157894736842105,A_load,1,1.0,0.4,1.0,0.25
local,0.8,0.20975701955184073,0.11052775269336582,399.52,333.96,0.17533653947119726,43.93271429986583,0.0,0.0,0.2094922877813846,0.2231404958677686,0.29,0.19047619047619047,A_load,2,1.0,0.4,1.0,0.25
local,0.8,0.26155653060319994,0.14953685236892258,472.12,405.44,0.22461552098568452,31.31142749467759,0.0010193679918450561,0.0,0.2616013948497854,0.2805755395683453,0.20430107526881722,0.15789473684210525,A_load,3,1.0,0.4,1.0,0.25
local,0.8,0.2666637393518925,0.1598313866690085,485.84,387.2,0.2125230526038465,32.26002670781441,0.0,0.0,0.2667878196888436,0.27184466019417475,0.21649484536082475,0.15,A_load,5,1.0,0.4,1.0,0.25
local,0.8,0.24336931893909103,0.15759410521505685,511.28,438.68,0.20881171340987414,37.66556833561012,0.003636640581862493,0.0,0.24335806836095197,0.23577235772357724,0.2818181818181818,0.20833333333333334,A_load,4,1.0,0.4,1.0,0.25
rr,0.8,0.7038784931168082,0.2333278377709999,1366.2,1037.44,0.5344983925480175,12.516733178424925,0.05224218943203363,1.1562937927623445,0.7027696277337329,0.8592375366568915,0.7383177570093458,0.5263157894736842,A_load,1,1.0,0.4,1.0,0.25
rr,0.8,0.6773421257114056,0.1622949786840834,1290.12,1084.08,0.5691664741583888,13.53303042901569,0.05105319528739736,1.2581851019593842,0.6766596652027242,0.768595041322314,0.7,0.5238095238095238,A_load,2,1.0,0.4,1.0,0.25
rr,0.8,0.7990072242166378,0.19186278420422817,1442.24,1167.4,0.6467446704782166,10.287796170392964,0.07536675087532686,0.9884102291361965,0.7987973891273248,0.8525179856115108,0.8172043010752689,0.42105263157894735,A_load,3,1.0,0.4,1.0,0.25
rr,0.8,0.695017231202757,0.18501170960187355,1460.12,1192.84,0.567791930846709,13.027693462611598,0.07854001256640201,1.231812037089926,0.6937406282440693,0.8672086720867209,0.7727272727272727,0.4583333333333333,A_load,4,1.0,0.4,1.0,0.25
rr,0.8,0.8097391762536226,0.20977869500307367,1475.28,1157.44,0.6352858522876965,10.536627200072873,0.012382541494686924,0.9974532361464828,0.8093612871769869,0.8737864077669902,0.8144329896907216,0.65,A_load,5,1.0,0.4,1.0,0.25
epara,0.8,0.9818852526584783,0.20515621135932735,1905.8,1517.0,0.7815720056054736,8.988749747278668,0.08618415629379277,0.6285549418844283,0.9820213496472938,0.9824046920821115,0.9719626168224299,0.6842105263157895,A_load,1,1.0,0.4,1.0,0.25
epara,0.8,0.6304261083226579,0.1549656635235315,1200.76,1013.12,0.5319108721675032,14.693583078286865,0.059327551084696645,1.1720603985971396,0.6282434812127384,0.8870523415977961,0.74,0.5714285714285714,A_load,2,1.0,0.4,1.0,0.25
epara,0.8,0.9869033373221646,0.1996631653592164,1781.4,1425.52,0.7897442715950893,8.36009921903417,0.06701236537694455,0.6375481983778752,0.987079756795422,0.9820143884892086,0.967741935483871,0.7368421052631579,A_load,3,1.0,0.4,1.0,0.25
epara,0.8,0.8860455817672931,0.17897602863616457,1861.44,1534.6,0.7304697168751547,10.316193365688793,0.10620513699282191,0.8766588602654176,0.8855396209004576,0.964769647696477,0.9090909090909091,0.6666666666666666,A_load,4,1.0,0.4,1.0,0.25
epara,0.8,0.9734346184245192,0.2146526741020462,1773.52,1393.0,0.7645780275753051,8.85274943373894,0.055260384649161325,0.6648151400720119,0.9734275962944905,0.9805825242718447,0.9896907216494846,0.8,A_load,5,1.0,0.4,1.0,0.25
epara_priv,0.8,0.8413774626988707,0.0,1633.08,1633.08,0.8413774626988707,10.067214631064962,0.09488088368642321,0.777738850877916,0.8411469713049088,0.8944281524926686,0.8317757009345794,0.5263157894736842,A_load,1,1.0,0.4,1.0,0.25
epara_priv,0.8,0.7954302034987505,0.0,1515.04,1515.04,0.7954302034987505,11.072348151541913,0.1439401894281454,0.9057479471617279,0.794772240256296,0.8842975206611571,0.82,0.6190476190476191,A_load,2,1.0,0.4,1.0,0.25
epara_priv,0.8,0.9238133226964499,0.0,1667.52,1667.52,0.9238133226964499,8.457142344266014,0.06936134379293533,0.6616806275761202,0.9239762160228898,0.9388489208633094,0.8602150537634409,0.631578947368421,A_load,3,1.0,0.4,1.0,0.25
epara_priv,0.8,0.8383694141391063,0.0,1761.28,1761.28,0.8383694141391063,10.5771878285264,0.0585480093676815,0.82951581272253,0.8377100234534199,0.9214092140921409,0.9090909090909091,0.6666666666666666,A_load,4,1.0,0.4,1.0,0.25
epara_priv,0.8,0.8735400017563889,0.0,1591.52,1591.52,0.8735400017563889,9.277302077158119,0.035237551593922896,0.711732677614824,0.8733655423075218,0.9061488673139159,0.8556701030927835,0.85,A_load,5,1.0,0.4,1.0,0.25
energy,0.8,0.9655016074519825,0.2133789465007007,1874.0,1475.6,0.7602423542989036,9.08351892655409,0.044637705053169566,0.6994889127029923,0.9654160684187527,0.9853372434017595,0.9719626168224299,0.7894736842105263,A_load,1,1.0,0.4,1.0,0.25
energy,0.8,0.7195119390133776,0.16510909969128673,1370.44,1149.44,0.6034819497238382,12.77380317057471,0.06440976962009366,1.0960581304996115,0.7175015382004116,0.9449035812672176,0.87,0.6190476190476191,A_load,2,1.0,0.4,1.0,0.25
energy,0.8,0.9479457518946949,0.19164118246687054,1711.08,1384.44,0.7669857731684616,8.628554099625346,0.048641581349997784,0.7473075388911049,0.9478496065808297,0.9676258992805755,0.978494623655914,0.7368421052631579,A_load,3,1.0,0.4,1.0,0.25
energy,0.8,0.9483402125230526,0.19456397646438922,1727.8,1395.0,0.7656757706156143,9.042167019171206,0.034183718275226135,0.6977474312812857,0.9481184344665573,0.9676375404530745,1.0,0.9,A_load,5,1.0,0.4,1.0,0.25
energy,0.8,0.7982711677233868,0.16522914643666342,1677.04,1409.12,0.6707412273185964,11.344979594182217,0.07979665276746445,0.9303326288532207,0.7968780037679265,0.9701897018970189,0.8909090909090909,0.75,A_load,4,1.0,0.4,1.0,0.25
ours,0.8,0.7919174016981287,0.0,1537.08,1537.08,0.7919174016981287,10.228126262716865,0.020340450086555106,0.8963193471271947,0.7913519362423789,0.873900293255132,0.8037383177570093,0.6842105263157895,A_load,1,1.0,0.4,1.0,0.25
ours,0.8,0.6773001239053279,0.0,1290.04,1290.04,0.6773001239053279,12.781492367095913,0.023773022239956317,1.051851229602873,0.6756412704474571,0.8429752066115702,0.87,0.6190476190476191,A_load,2,1.0,0.4,1.0,0.25
ours,0.8,0.9194034481230333,0.0,1659.56,1659.56,0.9194034481230333,8.359860928142918,0.013805788237379782,0.739285555998759,0.9195502503576538,0.9172661870503597,0.8709677419354839,0.8421052631578947,A_load,3,1.0,0.4,1.0,0.25
ours,0.8,0.7832866853258696,0.0,1645.56,1645.56,0.7832866853258696,10.975354700994528,0.018887683022029284,0.9935835189733631,0.7819216425083625,0.9295392953929539,0.9363636363636364,0.7916666666666666,A_load,4,1.0,0.4,1.0,0.25
ours,0.8,0.8828927724598226,0.0,1608.56,1608.56,0.8828927724598226,9.085522829013682,0.016290506718187405,0.683828049530166,0.8827844510438367,0.9093851132686084,0.845360824742268,0.9,A_load,5,1.0,0.4,1.0,0.25
local,1.0,0.17919208573784007,0.19808738664468262,434.72,348.6,0.14369332234130255,53.4932729253639,0.0033140972794723825,0.0,0.17867070592739318,0.24876847290640394,0.17829457364341086,0.2631578947368421,A_load,1,1.0,0.4,1.0,0.25
local,1.0,0.15858089694849106,0.11057093833058575,377.08,318.56,0.13397032601016048,62.83556197061849,0.0,0.0,0.15829735151123653,0.2058165548098434,0.1386861313868613,0.1111111111111111,A_load,2,1.0,0.4,1.0,0.25
local,1.0,0.1741703432023955,0.1516327362284945,393.2,330.24,0.1462818263966406,49.676459829494114,8.859122238168642e-05,0.0,0.17370841609849502,0.24759615384615385,0.15748031496062992,0.0,A_load,3,1.0,0.4,1.0,0.25
local,1.0,0.21410529519172247,0.15651247717589775,562.84,480.04,0.1826080340839927,43.176839121097665,0.004351795496043823,0.0,0.2136612945351749,0.27802690582959644,0.23225806451612904,0.13333333333333333,A_load,4,1.0,0.4,1.0,0.25
local,1.0,0.18688692038109997,0.16055861789620132,424.48,354.64,0.1561382808234859,48.85534360843582,0.0,0.0,0.18692369192502442,0.20238095238095238,0.13008130081300814,0.1794871794871795,A_load,5,1.0,0.4,1.0,0.25
rr,1.0,0.3499587798845837,0.23010717230008243,849.0,608.32,0.2507502061005771,27.08669635584623,0.0321681780708986,1.667502061005771,0.34861927193435094,0.5738916256157636,0.3023255813953488,0.23684210526315788,A_load,1,1.0,0.4,1.0,0.25
rr,1.0,0.32365508192308984,0.16613397032601016,769.6,638.36,0.26846213370117417,30.931933612116445,0.012969754062510514,1.7131682535410289,0.3225784517050284,0.4899328859060403,0.291970802919708,0.1388888888888889,A_load,2,1.0,0.4,1.0,0.25
rr,1.0,0.36864579457467356,0.20902213008735093,832.24,652.8,0.2891617498538245,23.802293575121716,0.04505749570332571,1.671202537252609,0.3669941482793794,0.5889423076923077,0.3858267716535433,0.26666666666666666,A_load,3,1.0,0.4,1.0,0.25
rr,1.0,0.3540779062690201,0.1784388314059647,930.8,777.4,0.2957242848447961,25.906087807170476,0.049573950091296407,1.6355295191722459,0.35148796263577564,0.7242152466367713,0.3935483870967742,0.26666666666666666,A_load,4,1.0,0.4,1.0,0.25
rr,1.0,0.4267826638254407,0.21731856365461494,969.36,754.52,0.3321944948311995,21.239479507002407,0.017082577532007818,1.5409013261011217,0.4253708803411211,0.6517857142857143,0.5284552845528455,0.20512820512820512,A_load,5,1.0,0.4,1.0,0.25
epara,1.0,0.2561747732893652,0.22852431986809563,621.48,483.2,0.19917559769167353,37.14261763228892,0.010420445177246496,0.802242374278648,0.2550726567571616,0.42610837438423643,0.24806201550387597,0.21052631578947367,A_load,1,1.0,0.4,1.0,0.25
epara,1.0,0.21195707028227298,0.1413720014803351,504.0,426.32,0.17928876627527504,47.744485928337284,0.006880193789321401,1.0451333983783602,0.2091082174548669,0.5637583892617449,0.291970802919708,0.19444444444444445,A_load,2,1.0,0.4,1.0,0.25
epara,1.0,0.15708995552720637,0.18765392724888819,354.64,286.76,0.127022094650862,56.755641791565644,0.010772692641613069,1.181753751838268,0.15373740627404664,0.5769230769230769,0.2283464566929134,0.4,A_load,3,1.0,0.4,1.0,0.25
epara,1.0,0.17201765063907487,0.17991479001825927,452.2,379.08,0.14420267802799758,53.22502815328223,0.005766889835666464,1.211518563603165,0.16846164482477838,0.6569506726457399,0.2645161290322581,0.2,A_load,4,1.0,0.4,1.0,0.25
epara,1.0,0.2125812302978004,0.20014793159924626,482.84,398.76,0.17556310867689273,43.1258575406134,0.0017258686578729549,1.00753746719969,0.21058896686506173,0.5,0.2845528455284553,0.38461538461538464,A_load,5,1.0,0.4,1.0,0.25
epara_priv,1.0,0.3543116240725474,0.0,859.56,859.56,0.3543116240725474,24.075583836550845,0.02789777411376752,1.0989117889530091,0.3520315594986434,0.6625615763546798,0.46511627906976744,0.2894736842105263,A_load,1,1.0,0.4,1.0,0.25
epara_priv,1.0,0.27991790869023986,0.0,665.6,665.6,0.27991790869023986,33.7339893638107,0.005652188540860613,0.980772465767251,0.2771733587189338,0.6308724832214765,0.30656934306569344,0.3055555555555556,A_load,2,1.0,0.4,1.0,0.25
epara_priv,1.0,0.2005350909831854,0.0,452.72,452.72,0.2005350909831854,40.812952904817685,0.0060419213664310144,1.0445082301245592,0.19761636334353358,0.5769230769230769,0.25984251968503935,0.13333333333333333,A_load,3,1.0,0.4,1.0,0.25
epara_priv,1.0,0.23368837492391967,0.0,614.32,614.32,0.23368837492391967,36.34895672689856,0.007744978697504565,1.2360925136944614,0.23030005069981102,0.6928251121076233,0.3161290322580645,0.3333333333333333,A_load,4,1.0,0.4,1.0,0.25
epara_priv,1.0,0.38023704277688747,0.0,863.64,863.64,0.38023704277688747,21.034601615106016,0.007590299913706567,1.1387210961027068,0.3780758639069024,0.7023809523809523,0.5203252032520326,0.28205128205128205,A_load,5,1.0,0.4,1.0,0.25
energy,1.0,0.3005441055234955,0.22425391591096455,729.12,569.64,0.23480626545754327,31.891095575645103,0.01350370981038747,1.0817312448474856,0.29841703147627213,0.6182266009852216,0.3178294573643411,0.21052631578947367,A_load,1,1.0,0.4,1.0,0.25
energy,1.0,0.1688927766376207,0.14623355650506342,401.6,335.56,0.14111967163476097,59.84870943198317,0.005954984355549574,0.9751539212058002,0.16623601808724034,0.4966442953020134,0.22627737226277372,0.2222222222222222,A_load,2,1.0,0.4,1.0,0.25
energy,1.0,0.18721097113697974,0.18784882793812788,422.64,346.2,0.1533514059426992,47.578750721562315,0.0165842768298517,1.1575506298835911,0.18367602584062562,0.6322115384615384,0.28346456692913385,0.2,A_load,3,1.0,0.4,1.0,0.25
energy,1.0,0.21360316494217893,0.18612294583079733,561.52,463.52,0.17632379793061473,43.11605807614061,0.017346317711503346,1.3341144248326233,0.20965140039023492,0.7443946188340808,0.3225806451612903,0.3333333333333333,A_load,4,1.0,0.4,1.0,0.25
energy,1.0,0.22936442245038127,0.2013630840216262,520.96,422.12,0.18584787700544178,39.5987274549065,0.0014793159924625329,0.9765070531673212,0.22716531935684464,0.5565476190476191,0.34146341463414637,0.23076923076923078,A_load,5,1.0,0.4,1.0,0.25
ours,1.0,0.34451772464962904,0.0,835.8,835.8,0.34451772464962904,24.61110172727648,0.011723000824402308,1.127419620774938,0.341944504552491,0.7118226600985221,0.37209302325581395,0.39473684210526316,A_load,1,1.0,0.4,1.0,0.25
ours,1.0,0.20728055714429902,0.0,492.88,492.88,0.20728055714429902,45.48717306113397,0.0076371833260438044,0.9096490932947549,0.2048583959473702,0.5257270693512305,0.23357664233576642,0.1111111111111111,A_load,2,1.0,0.4,1.0,0.25
ours,1.0,0.18940803345204557,0.0,427.6,427.6,0.18940803345204557,42.768436187008945,0.009993089884654228,1.124134020801219,0.18637819652475796,0.5600961538461539,0.31496062992125984,0.13333333333333333,A_load,3,1.0,0.4,1.0,0.25
ours,1.0,0.22805842970176507,0.0,599.52,599.52,0.22805842970176507,37.58465085532374,0.018867924528301886,1.264470480827754,0.22403171042726114,0.7780269058295964,0.32903225806451614,0.26666666666666666,A_load,4,1.0,0.4,1.0,0.25
epara_priv,0.8,0.8413774626988707,0.0,1633.08,1633.08,0.8413774626988707,10.067214631064962,0.09488088368642321,0.777738850877916,0.8411469713049088,0.8944281524926686,0.8317757009345794,0.5263157894736842,B_energy,1,1.0,0.4,1.0,0.25
ours,1.0,0.4087843192504799,0.0,928.48,928.48,0.4087843192504799,19.625205886630084,0.013877392881672331,1.157670429529965,0.40682242160433507,0.7083333333333334,0.5284552845528455,0.28205128205128205,A_load,5,1.0,0.4,1.0,0.25
epara_priv,0.8,0.9238133226964499,0.0,1667.52,1667.52,0.9238133226964499,8.457142344266014,0.06936134379293533,0.6616806275761202,0.9239762160228898,0.9388489208633094,0.8602150537634409,0.631578947368421,B_energy,3,1.0,0.4,1.0,0.25
epara_priv,0.8,0.7954302034987505,0.0,1515.04,1515.04,0.7954302034987505,11.072348151541913,0.1439401894281454,0.9057479471617279,0.794772240256296,0.8842975206611571,0.82,0.6190476190476191,B_energy,2,1.0,0.4,1.0,0.25
epara_priv,0.8,0.8735400017563889,0.0,1591.52,1591.52,0.8735400017563889,9.277302077158119,0.035237551593922896,0.711732677614824,0.8733655423075218,0.9061488673139159,0.8556701030927835,0.85,B_energy,5,1.0,0.4,1.0,0.25
epara_priv,0.8,0.8383694141391063,0.0,1761.28,1761.28,0.8383694141391063,10.5771878285264,0.0585480093676815,0.82951581272253,0.8377100234534199,0.9214092140921409,0.9090909090909091,0.6666666666666666,B_energy,4,1.0,0.4,1.0,0.25
energy,0.8,0.9655016074519825,0.2133789465007007,1874.0,1475.6,0.7602423542989036,9.08351892655409,0.044637705053169566,0.6994889127029923,0.9654160684187527,0.9853372434017595,0.9719626168224299,0.7894736842105263,B_energy,1,1.0,0.4,1.0,0.25
energy,0.8,0.7195119390133776,0.16510909969128673,1370.44,1149.44,0.6034819497238382,12.77380317057471,0.06440976962009366,1.0960581304996115,0.7175015382004116,0.9449035812672176,0.87,0.6190476190476191,B_energy,2,1.0,0.4,1.0,0.25
energy,0.8,0.9479457518946949,0.19164118246687054,1711.08,1384.44,0.7669857731684616,8.628554099625346,0.048641581349997784,0.7473075388911049,0.9478496065808297,0.9676258992805755,0.978494623655914,0.7368421052631579,B_energy,3,1.0,0.4,1.0,0.25
energy,0.8,0.7982711677233868,0.16522914643666342,1677.04,1409.12,0.6707412273185964,11.344979594182217,0.07979665276746445,0.9303326288532207,0.7968780037679265,0.9701897018970189,0.8909090909090909,0.75,B_energy,4,1.0,0.4,1.0,0.25
energy,0.8,0.9483402125230526,0.19456397646438922,1727.8,1395.0,0.7656757706156143,9.042167019171206,0.034183718275226135,0.6977474312812857,0.9481184344665573,0.9676375404530745,1.0,0.9,B_energy,5,1.0,0.4,1.0,0.25
ours,0.8,0.7919174016981287,0.0,1537.08,1537.08,0.7919174016981287,10.228126262716865,0.020340450086555106,0.8963193471271947,0.7913519362423789,0.873900293255132,0.8037383177570093,0.6842105263157895,B_energy,1,1.0,0.4,1.0,0.25
ours,0.8,0.6773001239053279,0.0,1290.04,1290.04,0.6773001239053279,12.781492367095913,0.023773022239956317,1.051851229602873,0.6756412704474571,0.8429752066115702,0.87,0.6190476190476191,B_energy,2,1.0,0.4,1.0,0.25
ours,0.8,0.9194034481230333,0.0,1659.56,1659.56,0.9194034481230333,8.359860928142918,0.013805788237379782,0.739285555998759,0.9195502503576538,0.9172661870503597,0.8709677419354839,0.8421052631578947,B_energy,3,1.0,0.4,1.0,0.25
ours,0.8,0.7832866853258696,0.0,1645.56,1645.56,0.7832866853258696,10.975354700994528,0.018887683022029284,0.9935835189733631,0.7819216425083625,0.9295392953929539,0.9363636363636364,0.7916666666666666,B_energy,4,1.0,0.4,1.0,0.25
ours,0.8,0.8828927724598226,0.0,1608.56,1608.56,0.8828927724598226,9.085522829013682,0.016290506718187405,0.683828049530166,0.8827844510438367,0.9093851132686084,0.845360824742268,0.9,B_energy,5,1.0,0.4,1.0,0.25
epara_priv,0.8,0.7936072871156541,0.0,1540.36,1540.36,0.7936072871156541,11.214997961049688,0.22545544472838183,0.8739798862418597,0.7933079468131594,0.8826979472140762,0.719626168224299,0.3684210526315789,B_energy,1,0.7,0.4,1.0,0.25
epara_priv,0.8,0.668983766301951,0.0,1274.2,1274.2,0.668983766301951,13.998089792227185,0.2409643614675431,1.042778839490098,0.6679184435533491,0.8429752066115702,0.6,0.38095238095238093,B_energy,2,0.7,0.4,1.0,0.25
epara_priv,0.8,0.9094756902894119,0.0,1641.64,1641.64,0.9094756902894119,9.07646112363139,0.20292071089837344,0.6825998315826796,0.9098488912732475,0.920863309352518,0.8172043010752689,0.3157894736842105,B_energy,3,0.7,0.4,1.0,0.25
epara_priv,0.8,0.47508615601378495,0.0,998.08,998.08,0.47508615601378495,19.14940394559195,0.09946497591439615,1.125264180042269,0.47262486062516823,0.8021680216802168,0.5363636363636364,0.5,B_energy,4,0.7,0.4,1.0,0.25
epara_priv,0.8,0.834460349521384,0.0,1520.32,1520.32,0.834460349521384,10.422391667186153,0.17721963642750505,0.8309475717923949,0.8342050441026551,0.8932038834951457,0.7938144329896907,0.7,B_energy,5,0.7,0.4,1.0,0.25
energy,0.8,0.8319182260324788,0.21717088451075756,1614.72,1269.12,0.653862006429808,11.072265698305262,0.20478526090182178,0.9625752205094387,0.8308675114967643,0.9736070381231672,0.8878504672897196,0.631578947368421,B_energy,1,0.7,0.4,1.0,0.25
energy,0.8,0.5232795010185438,0.14757334565386312,996.68,854.96,0.44887330155196675,18.598720168045908,0.11542096310141337,1.1916122393262911,0.5211422994504912,0.7961432506887053,0.55,0.47619047619047616,B_energy,2,0.7,0.4,1.0,0.25
energy,0.8,0.8123033284580952,0.19574081460798654,1466.24,1176.88,0.6519966316535921,10.741623164551061,0.22262110534946594,0.983978194389044,0.8112929184549357,0.9640287769784173,0.8924731182795699,0.5789473684210527,B_energy,3,0.7,0.4,1.0,0.25
energy,0.8,0.484453837512614,0.18259362921498068,1017.76,840.96,0.4002970240475239,19.68854953882387,0.12594962015193922,1.2167323546771767,0.4816025222038525,0.8509485094850948,0.6090909090909091,0.4583333333333333,B_energy,4,0.7,0.4,1.0,0.25
energy,0.8,0.926121893387196,0.18819706683059628,1687.32,1374.12,0.7542153332747871,9.738011151250943,0.2043338895231404,0.7486607534908228,0.9260892690926821,0.9514563106796117,0.9175257731958762,0.65,B_energy,5,0.7,0.4,1.0,0.25
ours,0.8,0.7738850877916083,0.0,1502.08,1502.08,0.7738850877916083,11.053338074144962,0.0941595911301624,0.9553622949468304,0.7731651996587385,0.8914956011730205,0.7383177570093458,0.6842105263157895,B_energy,1,0.7,0.4,1.0,0.25
ours,0.8,0.5552848772497218,0.0,1057.64,1057.64,0.5552848772497218,16.36867833010298,0.11529495768318038,1.144507213810194,0.5531368680117964,0.8154269972451791,0.68,0.2857142857142857,B_energy,2,0.7,0.4,1.0,0.25
ours,0.8,0.8935868457208704,0.0,1612.96,1612.96,0.8935868457208704,8.912616557081607,0.08006470770730842,0.8362363160927182,0.8935756437768241,0.9280575539568345,0.8602150537634409,0.5789473684210527,B_energy,3,0.7,0.4,1.0,0.25
ours,0.8,0.6950362712058034,0.0,1460.16,1460.16,0.6950362712058034,12.928889525009756,0.13735458197673311,1.044496487119438,0.6932984736052905,0.907859078590786,0.8181818181818182,0.625,B_energy,4,0.7,0.4,1.0,0.25
ours,0.8,0.8089707561254061,0.0,1473.88,1473.88,0.8089707561254061,10.241483173563674,0.059431808202336,0.9341354175814526,0.8082088559904259,0.9158576051779935,0.8350515463917526,0.75,B_energy,5,0.7,0.4,1.0,0.25
epara_priv,0.8,0.7008902810980133,0.0,1360.4,1360.4,0.7008902810980133,12.91797398147752,0.31806940895227104,0.9989489737037343,0.7001893584701501,0.8768328445747801,0.5420560747663551,0.21052631578947367,B_energy,1,0.5,0.4,1.0,0.25
epara_priv,0.8,0.5311338387550665,0.0,1011.64,1011.64,0.5311338387550665,18.522468647320277,0.258836129953588,1.1232332990318583,0.5295016230666412,0.7961432506887053,0.39,0.2857142857142857,B_energy,2,0.5,0.4,1.0,0.25
epara_priv,0.8,0.7823427735673447,0.0,1412.16,1412.16,0.7823427735673447,11.050754488554762,0.3326906882949962,0.9383060763196384,0.7821217811158798,0.8992805755395683,0.6236559139784946,0.3684210526315789,B_energy,3,0.5,0.4,1.0,0.25
epara_priv,0.8,0.4762856762057082,0.0,1000.6,1000.6,0.4762856762057082,20.517918977459978,0.19428419108547057,1.2122579539612726,0.47393210042677536,0.8157181571815718,0.4636363636363636,0.4166666666666667,B_energy,4,0.5,0.4,1.0,0.25
epara_priv,0.8,0.4857073856151752,0.0,884.92,884.92,0.4857073856151752,18.96270019345471,0.16633002546763853,1.2063098269956969,0.48360001772971056,0.8122977346278317,0.4948453608247423,0.15,B_energy,5,0.5,0.4,1.0,0.25
energy,0.8,0.39850383315472754,0.2154397823757316,773.48,606.44,0.31244332701343663,24.977228200309174,0.16977165938504657,1.39732915670596,0.3954470732671619,0.873900293255132,0.2897196261682243,0.21052631578947367,B_energy,1,0.5,0.4,1.0,0.25
energy,0.8,0.37616817523153495,0.1524875569649495,716.48,606.0,0.31816368103828463,27.74835364154566,0.1880420858096898,1.3848835499926497,0.37294464600173977,0.8071625344352618,0.36,0.23809523809523808,B_energy,2,0.5,0.4,1.0,0.25
energy,0.8,0.547600053184417,0.19567433408677923,988.44,795.92,0.440943136994194,16.710039201972645,0.21794530869122014,1.2755839205779373,0.5456679184549357,0.8848920863309353,0.5376344086021505,0.21052631578947367,B_energy,3,0.5,0.4,1.0,0.25
energy,0.8,0.32468917195026753,0.1790141086422574,682.12,563.0,0.26798804287808686,31.373345127897434,0.13783058205289314,1.2090211534433846,0.3217732323426506,0.7344173441734417,0.34545454545454546,0.25,B_energy,4,0.5,0.4,1.0,0.25
energy,0.8,0.34111267234565734,0.20005269166593484,621.48,507.2,0.27838763502239394,28.348463950142946,0.14345306050759637,1.3300254676385352,0.3381942289792119,0.7831715210355987,0.30927835051546393,0.25,B_energy,5,0.5,0.4,1.0,0.25
ours,0.8,0.5227722364190915,0.0,1014.68,1014.68,0.5227722364190915,17.78562349833985,0.22613552056714203,1.2176036600445141,0.5205277066816488,0.8680351906158358,0.45794392523364486,0.3684210526315789,B_energy,1,0.5,0.4,1.0,0.25
ours,0.8,0.3585274166789172,0.0,682.88,682.88,0.3585274166789172,27.06052078515051,0.18808408761576748,1.2619652645063737,0.3556107186047992,0.7630853994490359,0.33,0.047619047619047616,B_energy,2,0.5,0.4,1.0,0.25
ours,0.8,0.6529273589504941,0.0,1178.56,1178.56,0.6529273589504941,13.132128107434909,0.24679785489518238,1.1178699641005185,0.6517346208869814,0.9028776978417267,0.5483870967741935,0.3157894736842105,B_energy,3,0.5,0.4,1.0,0.25
ours,0.8,0.38390358142457304,0.0,806.52,806.52,0.38390358142457304,24.75427456970233,0.15774642523942803,1.198968031834885,0.3815217809219885,0.7506775067750677,0.32727272727272727,0.16666666666666666,B_energy,4,0.5,0.4,1.0,0.25
ours,0.8,0.5086063054360236,0.0,926.64,926.64,0.5086063054360236,18.24733332155269,0.20782471239132344,1.2260472468604549,0.5063162093878817,0.8640776699029126,0.4639175257731959,0.4,B_energy,5,0.5,0.4,1.0,0.25
epara_priv,0.8,0.502534828126288,0.0,975.4,975.4,0.502534828126288,19.18166673168199,0.3349270464100239,1.1620229164949303,0.5009467923507501,0.8240469208211144,0.24299065420560748,0.21052631578947367,B_energy,1,0.35,0.4,1.0,0.25
epara_priv,0.8,0.4352227145767268,0.0,828.96,828.96,0.4352227145767268,23.440229422862938,0.30879727828296616,1.1848919503538653,0.4333057518087115,0.7410468319559229,0.28,0.19047619047619047,B_energy,2,0.35,0.4,1.0,0.25
epara_priv,0.8,0.7292469972964588,0.0,1316.32,1316.32,0.7292469972964588,12.455079744886019,0.4387492797943536,0.9983601471435536,0.7293454935622318,0.8489208633093526,0.45161290322580644,0.10526315789473684,B_energy,3,0.35,0.4,1.0,0.25
epara_priv,0.8,0.3626358980217437,0.0,761.84,761.84,0.3626358980217437,28.2378933866469,0.25957236153157787,1.2380190780830524,0.3605482717520858,0.7262872628726287,0.2,0.041666666666666664,B_energy,4,0.35,0.4,1.0,0.25
epara_priv,0.8,0.43622112935803986,0.0,794.76,794.76,0.43622112935803986,22.205024455944898,0.253732326337051,1.31906999209625,0.433624396081734,0.8640776699029126,0.32989690721649484,0.2,B_energy,5,0.35,0.4,1.0,0.25
energy,0.8,0.31353557002720306,0.2294534663259418,608.56,478.92,0.24674387931745115,32.73756945638402,0.17442914846261642,1.346261643722694,0.31083921176935725,0.750733137829912,0.17757009345794392,0.05263157894736842,B_energy,1,0.35,0.4,1.0,0.25
energy,0.8,0.2570090513892097,0.16189596152634564,489.52,413.2,0.21693932839112082,42.281666156840075,0.19478337568515447,1.372955037066594,0.2539409755373093,0.6776859504132231,0.21,0.09523809523809523,B_energy,2,0.35,0.4,1.0,0.25
energy,0.8,0.39219075477551746,0.18590169746930815,707.92,570.68,0.3161591986881177,24.334090785400644,0.1789877232637504,1.2631520631121749,0.39006616595135907,0.762589928057554,0.34408602150537637,0.21052631578947367,B_energy,3,0.35,0.4,1.0,0.25
energy,0.8,0.2618000418880067,0.1841929894708783,550.0,454.92,0.21654195464671275,40.072422870260986,0.1952171512347442,1.242131718741075,0.25954477296320505,0.6260162601626016,0.16363636363636364,0.0,B_energy,4,0.35,0.4,1.0,0.25
energy,0.8,0.23542197242469481,0.20068938262931413,428.92,350.96,0.19263194871344516,43.10446744320289,0.1461974181083692,1.3401027487485728,0.23245866761225123,0.6666666666666666,0.2268041237113402,0.3,B_energy,5,0.35,0.4,1.0,0.25
ours,0.8,0.3750309125381255,0.0,727.92,727.92,0.3750309125381255,25.84858338771454,0.24301376638364522,1.2806240211029594,0.3726616309798781,0.7712609970674487,0.2336448598130841,0.05263157894736842,B_energy,1,0.35,0.4,1.0,0.25
ours,0.8,0.2681815318058677,0.0,510.8,510.8,0.2681815318058677,37.99864013777943,0.2031627359976479,1.3057311464392969,0.26499480194343666,0.7134986225895317,0.21,0.0,B_energy,2,0.35,0.4,1.0,0.25
ours,0.8,0.6123964011877853,0.0,1105.4,1105.4,0.6123964011877853,14.820618952924278,0.35693391836191996,1.1742897664317689,0.6114538626609443,0.8669064748201439,0.3978494623655914,0.15789473684210525,B_energy,3,0.35,0.4,1.0,0.25
ours,0.8,0.3351992536318806,0.0,704.2,704.2,0.3351992536318806,30.33573399856114,0.2649226023876164,1.296091087374574,0.3324810642469914,0.7696476964769647,0.2,0.16666666666666666,B_energy,4,0.35,0.4,1.0,0.25
ours,0.8,0.2968955826820058,0.0,540.92,540.92,0.2968955826820058,31.872651515056962,0.18068850443488188,1.2191095108457013,0.2941802225078676,0.7152103559870551,0.24742268041237114,0.2,B_energy,5,0.35,0.4,1.0,0.25
epara,0.8,0.9818852526584783,0.0,1905.8,1905.8,0.9818852526584783,8.988749747278668,0.08618415629379277,0.6285549418844283,0.9820213496472938,0.9824046920821115,0.9719626168224299,0.6842105263157895,C_privacy,1,1.0,0.0,1.0,0.25
epara,0.8,0.6304261083226579,0.0,1200.76,1200.76,0.6304261083226579,14.693583078286865,0.059327551084696645,1.1720603985971396,0.6282434812127384,0.8870523415977961,0.74,0.5714285714285714,C_privacy,2,1.0,0.0,1.0,0.25
epara,0.8,0.9869033373221646,0.0,1781.4,1781.4,0.9869033373221646,8.36009921903417,0.06701236537694455,0.6375481983778752,0.987079756795422,0.9820143884892086,0.967741935483871,0.7368421052631579,C_privacy,3,1.0,0.0,1.0,0.25
epara,0.8,0.9734346184245192,0.0,1773.52,1773.52,0.9734346184245192,8.85274943373894,0.055260384649161325,0.6648151400720119,0.9734275962944905,0.9805825242718447,0.9896907216494846,0.8,C_privacy,5,1.0,0.0,1.0,0.25
epara,0.8,0.8860455817672931,0.0,1861.44,1861.44,0.8860455817672931,10.316193365688793,0.10620513699282191,0.8766588602654176,0.8855396209004576,0.964769647696477,0.9090909090909091,0.6666666666666666,C_privacy,4,1.0,0.0,1.0,0.25
epara_priv,0.8,0.9818852526584783,0.0,1905.8,1905.8,0.9818852526584783,8.988749747278668,0.08618415629379277,0.6285549418844283,0.9820213496472938,0.9824046920821115,0.9719626168224299,0.6842105263157895,C_privacy,1,1.0,0.0,1.0,0.25
epara_priv,0.8,0.6304261083226579,0.0,1200.76,1200.76,0.6304261083226579,14.693583078286865,0.059327551084696645,1.1720603985971396,0.6282434812127384,0.8870523415977961,0.74,0.5714285714285714,C_privacy,2,1.0,0.0,1.0,0.25
epara_priv,0.8,0.9869033373221646,0.0,1781.4,1781.4,0.9869033373221646,8.36009921903417,0.06701236537694455,0.6375481983778752,0.987079756795422,0.9820143884892086,0.967741935483871,0.7368421052631579,C_privacy,3,1.0,0.0,1.0,0.25
epara_priv,0.8,0.8860455817672931,0.0,1861.44,1861.44,0.8860455817672931,10.316193365688793,0.10620513699282191,0.8766588602654176,0.8855396209004576,0.964769647696477,0.9090909090909091,0.6666666666666666,C_privacy,4,1.0,0.0,1.0,0.25
epara_priv,0.8,0.9734346184245192,0.0,1773.52,1773.52,0.9734346184245192,8.85274943373894,0.055260384649161325,0.6648151400720119,0.9734275962944905,0.9805825242718447,0.9896907216494846,0.8,C_privacy,5,1.0,0.0,1.0,0.25
ours,0.8,0.9747753688896217,0.0,1892.0,1892.0,0.9747753688896217,8.908790310973323,0.014013683950210205,0.7157076910394856,0.9747383315646003,0.9824046920821115,0.9906542056074766,0.8421052631578947,C_privacy,1,1.0,0.0,1.0,0.25
ours,0.8,0.6607724132137682,0.0,1258.56,1258.56,0.6607724132137682,13.723109281306986,0.02566310351345108,1.2473486359913477,0.6584134258375236,0.9338842975206612,0.81,0.5238095238095238,C_privacy,2,1.0,0.0,1.0,0.25
ours,0.8,0.9518681026459247,0.0,1718.16,1718.16,0.9518681026459247,8.539326226187262,0.011235208084031379,0.819017861100031,0.9517837982832618,0.9748201438848921,0.978494623655914,0.6842105263157895,C_privacy,3,1.0,0.0,1.0,0.25
ours,0.8,0.9029721444755431,0.0,1897.0,1897.0,0.9029721444755431,9.765803151620643,0.012395041983206718,0.9170998267359722,0.9024183936329732,0.9728997289972899,0.9363636363636364,0.875,C_privacy,4,1.0,0.0,1.0,0.25
ours,0.8,0.961864406779661,0.0,1752.44,1752.44,0.961864406779661,8.88243327915555,0.011196979011153069,0.7123913234390093,0.9618811222906786,0.9579288025889967,1.0,0.8,C_privacy,5,1.0,0.0,1.0,0.25
epara,0.8,0.9818852526584783,0.10598878905283983,1905.8,1704.92,0.8783900750144259,8.988749747278668,0.08618415629379277,0.6285549418844283,0.9820213496472938,0.9824046920821115,0.9719626168224299,0.6842105263157895,C_privacy,1,1.0,0.2,1.0,0.25
epara,0.8,0.6304261083226579,0.08043345863872146,1200.76,1104.84,0.5800659428355419,14.693583078286865,0.059327551084696645,1.1720603985971396,0.6282434812127384,0.8870523415977961,0.74,0.5714285714285714,C_privacy,2,1.0,0.2,1.0,0.25
epara,0.8,0.9869033373221646,0.10302264769755795,1781.4,1597.96,0.8852767805699596,8.36009921903417,0.06701236537694455,0.6375481983778752,0.987079756795422,0.9820143884892086,0.967741935483871,0.7368421052631579,C_privacy,3,1.0,0.2,1.0,0.25
epara,0.8,0.9734346184245192,0.10623957144111706,1773.52,1584.84,0.8698735400017564,8.85274943373894,0.055260384649161325,0.6648151400720119,0.9734275962944905,0.9805825242718447,0.9896907216494846,0.8,C_privacy,5,1.0,0.2,1.0,0.25
epara,0.8,0.8860455817672931,0.09116353458616554,1861.44,1695.2,0.8069153291064527,10.316193365688793,0.10620513699282191,0.8766588602654176,0.8855396209004576,0.964769647696477,0.9090909090909091,0.6666666666666666,C_privacy,4,1.0,0.2,1.0,0.25
epara_priv,0.8,0.9310032149039651,0.0,1807.04,1807.04,0.9310032149039651,9.434285825669873,0.14098178221086471,0.7110502019619157,0.9309986058222527,0.9560117302052786,0.8878504672897196,0.7368421052631579,C_privacy,1,1.0,0.2,1.0,0.25
epara_priv,0.8,0.7068903962870403,0.0,1346.4,1346.4,0.7068903962870403,12.658496500143876,0.051221202511708,1.0570384526534642,0.7054505335964186,0.8842975206611571,0.79,0.47619047619047616,C_privacy,2,1.0,0.2,1.0,0.25
epara_priv,0.8,0.9550813278376102,0.0,1723.96,1723.96,0.9550813278376102,8.235096074905377,0.0613172007268537,0.6243407348313611,0.9551815092989986,0.960431654676259,0.9139784946236559,0.8421052631578947,C_privacy,3,1.0,0.2,1.0,0.25
epara_priv,0.8,0.8175586908093905,0.0,1717.56,1717.56,0.8175586908093905,10.978207836587353,0.09542849526855925,0.9552750328440053,0.8167557383982468,0.9159891598915989,0.8727272727272727,0.7916666666666666,C_privacy,4,1.0,0.2,1.0,0.25
epara_priv,0.8,0.9173399490647229,0.0,1671.32,1671.32,0.9173399490647229,9.172681400133259,0.03255905857556863,0.7128084657943269,0.9171357652586322,0.9449838187702265,0.9278350515463918,0.9,C_privacy,5,1.0,0.2,1.0,0.25
ours,0.8,0.8552468881378287,0.0,1660.0,1660.0,0.8552468881378287,9.978233363819255,0.022545544472838182,0.9390816915340863,0.8546309590694384,0.9589442815249267,0.8598130841121495,0.5263157894736842,C_privacy,1,1.0,0.2,1.0,0.25
ours,0.8,0.6751790326984061,0.0,1286.0,1286.0,0.6751790326984061,13.103683738563365,0.03893567423399206,1.1689732658504315,0.6729467676574798,0.9366391184573003,0.81,0.5238095238095238,C_privacy,2,1.0,0.2,1.0,0.25
ours,0.8,0.9609094535301157,0.0,1734.48,1734.48,0.9609094535301157,8.148816326868381,0.00921863227407703,0.6899348490892169,0.9610157367668097,0.9640287769784173,0.9139784946236559,0.8947368421052632,C_privacy,3,1.0,0.2,1.0,0.25
ours,0.8,0.8685668589706974,0.0,1824.72,1824.72,0.8685668589706974,10.073474090788345,0.011938081910093106,0.8997924639667942,0.8678534353493021,0.9512195121951219,0.9272727272727272,0.875,C_privacy,4,1.0,0.2,1.0,0.25
ours,0.8,0.9381312022481777,0.0,1709.2,1709.2,0.9381312022481777,8.957735243195737,0.01773952753139545,0.6803372266619829,0.9380789858605558,0.9644012944983819,0.9278350515463918,0.7,C_privacy,5,1.0,0.2,1.0,0.25
epara,0.8,0.9818852526584783,0.20925727475063885,1905.8,1509.16,0.777532767290413,8.988749747278668,0.08618415629379277,0.6285549418844283,0.9820213496472938,0.9824046920821115,0.9719626168224299,0.6842105263157895,C_privacy,1,1.0,0.4,1.0,0.25
epara,0.8,0.6304261083226579,0.16168595249595732,1200.76,1005.24,0.5277736942688536,14.693583078286865,0.059327551084696645,1.1720603985971396,0.6282434812127384,0.8870523415977961,0.74,0.5714285714285714,C_privacy,2,1.0,0.4,1.0,0.25
epara,0.8,0.9869033373221646,0.20396223906395425,1781.4,1417.96,0.7855559987590303,8.36009921903417,0.06701236537694455,0.6375481983778752,0.987079756795422,0.9820143884892086,0.967741935483871,0.7368421052631579,C_privacy,3,1.0,0.4,1.0,0.25
epara,0.8,0.8860455817672931,0.18531634965061594,1861.44,1523.0,0.7249481159916985,10.316193365688793,0.10620513699282191,0.8766588602654176,0.8855396209004576,0.964769647696477,0.9090909090909091,0.6666666666666666,C_privacy,4,1.0,0.4,1.0,0.25
epara,0.8,0.9734346184245192,0.21983402125230525,1773.52,1384.0,0.7596381838939141,8.85274943373894,0.055260384649161325,0.6648151400720119,0.9734275962944905,0.9805825242718447,0.9896907216494846,0.8,C_privacy,5,1.0,0.4,1.0,0.25
epara_priv,0.8,0.8180281922347704,0.0,1587.76,1587.76,0.8180281922347704,10.044047850310303,0.09675624433270134,0.7478155139724673,0.8177996961941029,0.8768328445747801,0.7663551401869159,0.631578947368421,C_privacy,1,1.0,0.4,1.0,0.25
epara_priv,0.8,0.7486191906251969,0.0,1425.88,1425.88,0.7486191906251969,11.769098211303373,0.09742318919713548,0.9420585085158661,0.747735132497401,0.8484848484848485,0.83,0.6190476190476191,C_privacy,2,1.0,0.4,1.0,0.25
epara_priv,0.8,0.926694145282099,0.0,1672.72,1672.72,0.926694145282099,8.182734107147256,0.056951646500908566,0.6244072153525684,0.9270609799713877,0.9136690647482014,0.8494623655913979,0.631578947368421,C_privacy,3,1.0,0.4,1.0,0.25
epara_priv,0.8,0.865787018525923,0.0,1818.88,1818.88,0.865787018525923,10.343313271324226,0.07947297271567563,0.8170446107271377,0.865315852205006,0.940379403794038,0.8636363636363636,0.75,C_privacy,4,1.0,0.4,1.0,0.25
epara_priv,0.8,0.8875032932291209,0.0,1616.96,1616.96,0.8875032932291209,9.121360780427384,0.0471370861508738,0.6996575041714236,0.8876157971721111,0.8964401294498382,0.8350515463917526,0.75,C_privacy,5,1.0,0.4,1.0,0.25
ours,0.8,0.8185227928447778,0.0,1588.72,1588.72,0.8185227928447778,9.903812705321887,0.012179540021432693,0.8137004368972055,0.8179661651788501,0.9032258064516129,0.8130841121495327,0.7368421052631579,C_privacy,1,1.0,0.4,1.0,0.25
ours,0.8,0.6150324463951949,0.0,1171.44,1171.44,0.6150324463951949,14.009225921300821,0.01965684524434551,1.0969191675242036,0.6129887764411347,0.8319559228650137,0.81,0.5238095238095238,C_privacy,2,1.0,0.4,1.0,0.25
ours,0.8,0.9154810973718034,0.0,1652.48,1652.48,0.9154810973718034,8.356189128175128,0.01668661082302885,0.726432655232017,0.9155937052932761,0.9172661870503597,0.8602150537634409,0.8947368421052632,C_privacy,3,1.0,0.4,1.0,0.25
ours,0.8,0.844728775156604,0.0,1774.64,1774.64,0.844728775156604,10.123277816756426,0.013632642181222749,0.8787913406066145,0.8441308777730786,0.924119241192412,0.8727272727272727,0.7916666666666666,C_privacy,4,1.0,0.4,1.0,0.25
ours,0.8,0.8680512865548432,0.0,1581.52,1581.52,0.8680512865548432,9.19082118943753,0.015302537981909194,0.7113155352595064,0.8680244670005762,0.8932038834951457,0.8247422680412371,0.75,C_privacy,5,1.0,0.4,1.0,0.25
epara,0.8,0.9818852526584783,0.3123815019371857,1905.8,1313.68,0.6768197180776523,8.988749747278668,0.08618415629379277,0.6285549418844283,0.9820213496472938,0.9824046920821115,0.9719626168224299,0.6842105263157895,C_privacy,1,1.0,0.6,1.0,0.25
epara,0.8,0.6304261083226579,0.24134237772224207,1200.76,910.0,0.47777054413339776,14.693583078286865,0.059327551084696645,1.1720603985971396,0.6282434812127384,0.8870523415977961,0.74,0.5714285714285714,C_privacy,2,1.0,0.6,1.0,0.25
epara,0.8,0.9869033373221646,0.30858041927048707,1781.4,1231.52,0.6822674289766432,8.36009921903417,0.06701236537694455,0.6375481983778752,0.987079756795422,0.9820143884892086,0.967741935483871,0.7368421052631579,C_privacy,3,1.0,0.6,1.0,0.25
epara,0.8,0.8860455817672931,0.2741189238590278,1861.44,1360.16,0.6474362635898022,10.316193365688793,0.10620513699282191,0.8766588602654176,0.8855396209004576,0.964769647696477,0.9090909090909091,0.6666666666666666,C_privacy,4,1.0,0.6,1.0,0.25
epara,0.8,0.9734346184245192,0.32969614472644243,1773.52,1189.36,0.6528058312110301,8.85274943373894,0.055260384649161325,0.6648151400720119,0.9734275962944905,0.9805825242718447,0.9896907216494846,0.8,C_privacy,5,1.0,0.6,1.0,0.25
epara_priv,0.8,0.6255255131481329,0.0,1214.12,1214.12,0.6255255131481329,12.206027931094374,0.03715687082680735,0.8175954167010139,0.6247372911334457,0.7536656891495601,0.5981308411214953,0.47368421052631576,C_privacy,1,1.0,0.6,1.0,0.25
epara_priv,0.8,0.719595942625533,0.0,1370.6,1370.6,0.719595942625533,11.551805255113042,0.10901568767457001,0.8747716151794527,0.7189230475463051,0.8044077134986226,0.76,0.5714285714285714,C_privacy,2,1.0,0.6,1.0,0.25
epara_priv,0.8,0.8579089660062935,0.0,1548.56,1548.56,0.8579089660062935,8.60456377227961,0.07000398883127244,0.6597083721136374,0.8578102646638054,0.8992805755395683,0.8172043010752689,0.6842105263157895,C_privacy,3,1.0,0.6,1.0,0.25
epara_priv,0.8,0.7828868452618952,0.0,1644.72,1644.72,0.7828868452618952,10.596335427090809,0.060014089602254336,0.774033243845319,0.7824406936060594,0.8265582655826558,0.8454545454545455,0.7916666666666666,C_privacy,4,1.0,0.6,1.0,0.25
epara_priv,0.8,0.7709010274874857,0.0,1404.52,1404.52,0.7709010274874857,10.042512445778264,0.016444190743830685,0.7306358127689471,0.7702894375249324,0.8511326860841424,0.7731958762886598,0.9,C_privacy,5,1.0,0.6,1.0,0.25
ours,0.8,0.6352732668370291,0.0,1233.04,1233.04,0.6352732668370291,12.234957404848304,0.01811474734152172,0.8693017888055395,0.6341011715254802,0.7947214076246334,0.6822429906542056,0.47368421052631576,C_privacy,1,1.0,0.6,1.0,0.25
ours,0.8,0.8093538022134952,0.0,1541.56,1541.56,0.8093538022134952,9.852514783215884,0.004200180607766134,0.8440262931306046,0.8092843655188509,0.8209366391184573,0.85,0.5714285714285714,C_privacy,2,1.0,0.6,1.0,0.25
ours,0.8,0.8578868058325577,0.0,1548.52,1548.52,0.8578868058325577,8.590813123677018,0.004188272836059034,0.7114966981341134,0.8578773247496424,0.8848920863309353,0.8064516129032258,0.7368421052631579,C_privacy,3,1.0,0.6,1.0,0.25
ours,0.8,0.7839530854324936,0.0,1646.96,1646.96,0.7839530854324936,10.515636660878716,0.006702081072332972,0.8136745301879248,0.7832288823099697,0.8699186991869918,0.8454545454545455,0.75,C_privacy,4,1.0,0.6,1.0,0.25
ours,0.8,0.7822736453850883,0.0,1425.24,1425.24,0.7822736453850883,9.857697917680218,0.0017783437253007816,0.7610432949855098,0.7817251008377288,0.86084142394822,0.7835051546391752,0.8,C_privacy,5,1.0,0.6,1.0,0.25
epara,0.8,0.9818852526584783,0.41758717335751383,1905.8,1113.92,0.5739015744786086,8.988749747278668,0.08618415629379277,0.6285549418844283,0.9820213496472938,0.9824046920821115,0.9719626168224299,0.6842105263157895,C_privacy,1,1.0,0.8,1.0,0.25
epara,0.8,0.6304261083226579,0.3247789654955163,1200.76,809.32,0.42491127118466093,14.693583078286865,0.059327551084696645,1.1720603985971396,0.6282434812127384,0.8870523415977961,0.74,0.5714285714285714,C_privacy,2,1.0,0.8,1.0,0.25
epara,0.8,0.9869033373221646,0.41160306696804505,1781.4,1047.44,0.5802863094446661,8.36009921903417,0.06701236537694455,0.6375481983778752,0.987079756795422,0.9820143884892086,0.967741935483871,0.7368421052631579,C_privacy,3,1.0,0.8,1.0,0.25
epara,0.8,0.8860455817672931,0.366025018564003,1861.44,1193.04,0.567887130861941,10.316193365688793,0.10620513699282191,0.8766588602654176,0.8855396209004576,0.964769647696477,0.9090909090909091,0.6666666666666666,C_privacy,4,1.0,0.8,1.0,0.25
epara,0.8,0.9734346184245192,0.44232458066215863,1773.52,989.68,0.5432071660665672,8.85274943373894,0.055260384649161325,0.6648151400720119,0.9734275962944905,0.9805825242718447,0.9896907216494846,0.8,C_privacy,5,1.0,0.8,1.0,0.25
epara_priv,0.8,0.7190079173404457,0.0,1369.48,1369.48,0.7190079173404457,11.055290721216782,0.07142407123506311,0.7379087300753933,0.7183502004964675,0.7933884297520661,0.79,0.5714285714285714,C_privacy,2,1.0,0.8,1.0,0.25
epara_priv,0.8,0.41426922759871404,0.0,804.08,804.08,0.41426922759871404,16.739655559441772,0.00828456021762427,0.7672079795565081,0.41273903905778553,0.6480938416422287,0.37383177570093457,0.3157894736842105,C_privacy,1,1.0,0.8,1.0,0.25
epara_priv,0.8,0.7922040508797589,0.0,1429.96,1429.96,0.7922040508797589,9.169662779369222,0.09238576430439215,0.7632628639808536,0.7920243204577968,0.841726618705036,0.7634408602150538,0.631578947368421,C_privacy,3,1.0,0.8,1.0,0.25
epara_priv,0.8,0.6232935397269663,0.0,1309.44,1309.44,0.6232935397269663,12.98432388990281,0.06365073018411684,0.8427676548428248,0.6219770079587835,0.7750677506775068,0.7454545454545455,0.5833333333333334,C_privacy,4,1.0,0.8,1.0,0.25
epara_priv,0.8,0.7592210415385966,0.0,1383.24,1383.24,0.7592210415385966,9.49777932373975,0.03361289189426539,0.6476903486431896,0.75909755773237,0.7928802588996764,0.7010309278350515,0.8,C_privacy,5,1.0,0.8,1.0,0.25
ours,0.8,0.34298491468139475,0.0,665.72,665.72,0.34298491468139475,19.991985971196232,0.00282334514879235,0.7097930920781469,0.3413654618473896,0.5747800586510264,0.35514018691588783,0.21052631578947367,C_privacy,1,1.0,0.8,1.0,0.25
ours,0.8,0.6839154083625596,0.0,1302.64,1302.64,0.6839154083625596,11.072844815297115,0.011109477707541424,0.7596236638175442,0.6831519317675514,0.7465564738292011,0.8,0.7619047619047619,C_privacy,2,1.0,0.8,1.0,0.25
ours,0.8,0.7947746310331073,0.0,1434.6,1434.6,0.7947746310331073,8.759326206505037,0.01506891814031822,0.7672516952532907,0.7945055436337625,0.8525179856115108,0.7634408602150538,0.7368421052631579,C_privacy,3,1.0,0.8,1.0,0.25
ours,0.8,0.6577559452409513,0.0,1381.84,1381.84,0.6577559452409513,11.71371352666723,0.009596161535385846,0.8290017326402772,0.6565419662424545,0.8184281842818428,0.7090909090909091,0.5833333333333334,C_privacy,4,1.0,0.8,1.0,0.25
ours,0.8,0.7496926319487135,0.0,1365.88,1365.88,0.7496926319487135,9.614290766223126,0.005839992974444542,0.6948932993764819,0.749412703337618,0.7993527508090615,0.7010309278350515,0.85,C_privacy,5,1.0,0.8,1.0,0.25
ours,0.8,0.7008902810980133,0.0,1360.4,1360.4,0.7008902810980133,12.91797398147752,0.31806940895227104,0.9989489737037343,0.7001893584701501,0.8768328445747801,0.5420560747663551,0.21052631578947367,D_ablate,1,0.5,0.4,0.0,0.0
ours,0.8,0.5311338387550665,0.0,1011.64,1011.64,0.5311338387550665,18.522468647320277,0.258836129953588,1.1232332990318583,0.5295016230666412,0.7961432506887053,0.39,0.2857142857142857,D_ablate,2,0.5,0.4,0.0,0.0
ours,0.8,0.7823427735673447,0.0,1412.16,1412.16,0.7823427735673447,11.050754488554762,0.3326906882949962,0.9383060763196384,0.7821217811158798,0.8992805755395683,0.6236559139784946,0.3684210526315789,D_ablate,3,0.5,0.4,0.0,0.0
ours,0.8,0.4762856762057082,0.0,1000.6,1000.6,0.4762856762057082,20.517918977459978,0.19428419108547057,1.2122579539612726,0.47393210042677536,0.8157181571815718,0.4636363636363636,0.4166666666666667,D_ablate,4,0.5,0.4,0.0,0.0
ours,0.8,0.4857073856151752,0.0,884.92,884.92,0.4857073856151752,18.96270019345471,0.16633002546763853,1.2063098269956969,0.48360001772971056,0.8122977346278317,0.4948453608247423,0.15,D_ablate,5,0.5,0.4,0.0,0.0
ours,0.8,0.4950127771824252,0.0,960.8,960.8,0.4950127771824252,18.61817279550824,0.2254142280108812,1.2206949138570604,0.4928938552136005,0.8475073313782991,0.37383177570093457,0.21052631578947367,D_ablate,1,0.5,0.4,0.5,0.25
ours,0.8,0.5189743158955835,0.0,988.48,988.48,0.5189743158955835,18.689388590324555,0.26112522838482055,1.1958124199340572,0.5171748032164301,0.8016528925619835,0.42,0.14285714285714285,D_ablate,2,0.5,0.4,0.5,0.25
ours,0.8,0.7118291007401498,0.0,1284.88,1284.88,0.7118291007401498,12.256016127513037,0.27452023223862076,1.0860257944422285,0.7110157367668097,0.9028776978417267,0.6236559139784946,0.2631578947368421,D_ablate,3,0.5,0.4,0.5,0.25
ours,0.8,0.4882427981188477,0.0,1025.72,1025.72,0.4882427981188477,19.83861627128567,0.22478627596580417,1.206812513090002,0.48610096505055944,0.8211382113821138,0.41818181818181815,0.3333333333333333,D_ablate,4,0.5,0.4,0.5,0.25
ours,0.8,0.3968780187933609,0.0,723.08,723.08,0.3968780187933609,23.258038423610383,0.14294809870905417,1.309300079037499,0.39417579008022696,0.8090614886731392,0.35051546391752575,0.35,D_ablate,5,0.5,0.4,0.5,0.25
ours,0.8,0.5227722364190915,0.0,1014.68,1014.68,0.5227722364190915,17.78562349833985,0.22613552056714203,1.2176036600445141,0.5205277066816488,0.8680351906158358,0.45794392523364486,0.3684210526315789,D_ablate,1,0.5,0.4,1.0,0.25
ours,0.8,0.3585274166789172,0.0,682.88,682.88,0.3585274166789172,27.06052078515051,0.18808408761576748,1.2619652645063737,0.3556107186047992,0.7630853994490359,0.33,0.047619047619047616,D_ablate,2,0.5,0.4,1.0,0.25
ours,0.8,0.6529273589504941,0.0,1178.56,1178.56,0.6529273589504941,13.132128107434909,0.24679785489518238,1.1178699641005185,0.6517346208869814,0.9028776978417267,0.5483870967741935,0.3157894736842105,D_ablate,3,0.5,0.4,1.0,0.25
ours,0.8,0.38390358142457304,0.0,806.52,806.52,0.38390358142457304,24.75427456970233,0.15774642523942803,1.198968031834885,0.3815217809219885,0.7506775067750677,0.32727272727272727,0.16666666666666666,D_ablate,4,0.5,0.4,1.0,0.25
ours,0.8,0.5086063054360236,0.0,926.64,926.64,0.5086063054360236,18.24733332155269,0.20782471239132344,1.2260472468604549,0.5063162093878817,0.8640776699029126,0.4639175257731959,0.4,D_ablate,5,0.5,0.4,1.0,0.25
ours,0.8,0.42599538372763995,0.0,826.84,826.84,0.42599538372763995,21.507817640498637,0.19425438958041383,1.2961833319594427,0.42347628857398506,0.8269794721407625,0.3177570093457944,0.21052631578947367,D_ablate,1,0.5,0.4,2.0,0.25
ours,0.8,0.3668857760883718,0.0,698.8,698.8,0.3668857760883718,26.527916576276215,0.18921813637986434,1.2550139656005208,0.36430950713937155,0.7107438016528925,0.37,0.19047619047619047,D_ablate,2,0.5,0.4,2.0,0.25
ours,0.8,0.5649293090457829,0.0,1019.72,1019.72,0.5649293090457829,15.0026321954049,0.1812702211585339,1.224305278553384,0.5631929542203148,0.8848920863309353,0.4946236559139785,0.3157894736842105,D_ablate,3,0.5,0.4,2.0,0.25
ours,0.8,0.39250966280154603,0.0,824.6,824.6,0.39250966280154603,24.83750620599773,0.18668722986995678,1.2427409988385598,0.3898650467145988,0.7886178861788617,0.32727272727272727,0.3333333333333333,D_ablate,4,0.5,0.4,2.0,0.25
ours,0.8,0.4887152015456222,0.0,890.4,890.4,0.4887152015456222,18.801957549248776,0.2177483094757179,1.2584526214103802,0.4864367714197066,0.8640776699029126,0.4020618556701031,0.25,D_ablate,5,0.5,0.4,2.0,0.25
ours,0.8,0.48586266589728794,0.0,943.04,943.04,0.48586266589728794,18.798911700915593,0.18248701673398732,1.1599002555436484,0.4836964438063133,0.8299120234604106,0.3925233644859813,0.3157894736842105,D_ablate,1,0.5,0.4,1.0,0.0
ours,0.8,0.3645546758510616,0.0,694.36,694.36,0.3645546758510616,26.467086276864464,0.1729004347186929,1.2420354075225235,0.3619544692678166,0.7162534435261708,0.38,0.047619047619047616,D_ablate,2,0.5,0.4,1.0,0.0
ours,0.8,0.6632983202588308,0.0,1197.28,1197.28,0.6632983202588308,12.961564297657178,0.26326286398085363,1.0702034303948944,0.6622630543633763,0.8812949640287769,0.6021505376344086,0.21052631578947367,D_ablate,3,0.5,0.4,1.0,0.0
ours,0.8,0.3951371832219493,0.0,830.12,830.12,0.3951371832219493,24.389297943755277,0.17440642790502847,1.1264446602311455,0.39278711215348533,0.7235772357723578,0.42727272727272725,0.2916666666666667,D_ablate,4,0.5,0.4,1.0,0.0
ours,0.8,0.5436023535610784,0.0,990.4,990.4,0.5436023535610784,17.02342212561162,0.24578466672521296,1.1697110740317906,0.5418199547892381,0.8446601941747572,0.4742268041237113,0.25,D_ablate,5,0.5,0.4,1.0,0.0
ours,0.8,0.536064627813041,0.0,1040.48,1040.48,0.536064627813041,17.089390094946882,0.2220138488170802,1.2106380347869097,0.5339700771999917,0.8768328445747801,0.40186915887850466,0.47368421052631576,D_ablate,1,0.5,0.4,1.0,0.4
ours,0.8,0.4440430938530357,0.0,845.76,845.76,0.4440430938530357,21.788289381388445,0.2273977781044585,1.1914442321019805,0.44183480788407276,0.7520661157024794,0.42,0.19047619047619047,D_ablate,2,0.5,0.4,1.0,0.4
ours,0.8,0.7666312103886894,0.0,1383.8,1383.8,0.7666312103886894,11.144308202550006,0.27423214998005585,0.9898284802552852,0.7660273605150214,0.9388489208633094,0.6129032258064516,0.42105263157894735,D_ablate,3,0.5,0.4,1.0,0.4
ours,0.8,0.42103158736505397,0.0,884.52,884.52,0.42103158736505397,23.006951433300994,0.16602882656461226,1.1546619447459112,0.4187781152677919,0.7506775067750677,0.39090909090909093,0.375,D_ablate,4,0.5,0.4,1.0,0.4
ours,0.8,0.456090278387635,0.0,830.96,830.96,0.456090278387635,20.250078706377405,0.21910951084570124,1.3093439887591112,0.45381410398475247,0.8317152103559871,0.35051546391752575,0.3,D_ablate,5,0.5,0.4,1.0,0.4
