policy,rho,slo,viol,goodput,cgoodput,cslo,energy_per_good,throttled,hops,slo_LS<1,slo_LS>1,slo_FS<1,slo_FS>1,variant,capscale,seed
ours,0.8,0.3804921276069574,0.0,738.52,738.52,0.3804921276069574,25.304156975534195,0.24929931580248949,1.2735553540516034,0.3780510643610712,0.7917888563049853,0.22429906542056074,0.05263157894736842,ours_b,0.35,1
ours,0.8,0.28210513052061237,0.0,537.32,537.32,0.28210513052061237,35.73164418258988,0.20677489132032678,1.3437427809395803,0.27889164704135105,0.7162534435261708,0.27,0.047619047619047616,ours_b,0.35,2
ours,0.8,0.6034436909985375,0.0,1089.24,1089.24,0.6034436909985375,15.08988007215113,0.383570447192306,1.153038159819173,0.6028478183118741,0.802158273381295,0.3978494623655914,0.10526315789473684,ours_b,0.35,3
ours,0.8,0.3871975019516003,0.0,813.44,813.44,0.3871975019516003,26.208351546256665,0.2887035661925706,1.259248681479789,0.38500134568803107,0.7588075880758808,0.2545454545454545,0.041666666666666664,ours_b,0.35,4
ours,0.8,0.306423992271889,0.0,558.28,558.28,0.306423992271889,31.016282513886427,0.17131377887064195,1.282361464828313,0.30342183413855767,0.7766990291262136,0.24742268041237114,0.1,ours_b,0.35,5
ours,0.8,0.5159714780314896,0.0,1001.48,1001.48,0.5159714780314896,17.603693482049746,0.17986975517269804,1.1546245157035693,0.5141186507688786,0.8064516129032258,0.45794392523364486,0.3157894736842105,ours_b,0.5,1
ours,0.8,0.4473192347270933,0.0,852.0,852.0,0.4473192347270933,21.691606142914907,0.2284268223533612,1.2178633681248294,0.44533553985530305,0.7382920110192838,0.38,0.19047619047619047,ours_b,0.5,2
ours,0.8,0.7854008775428799,0.0,1417.68,1417.68,0.7854008775428799,10.997118792524912,0.33761024686433544,0.9955458050791118,0.7853630185979972,0.8884892086330936,0.6236559139784946,0.15789473684210525,ours_b,0.5,3
ours,0.8,0.40444774471163913,0.0,849.68,849.68,0.40444774471163913,24.125756380972252,0.1720835475333676,1.212848194055711,0.4019570148794648,0.7588075880758808,0.41818181818181815,0.2916666666666667,ours_b,0.5,4
ours,0.8,0.45646351102134014,0.0,831.64,831.64,0.45646351102134014,20.259148017800353,0.19454202160358303,1.2317994203916747,0.45423518461061124,0.8220064724919094,0.3402061855670103,0.4,ours_b,0.5,5
ours,0.8,0.7400461627236007,0.0,1436.4,1436.4,0.7400461627236007,11.678688891917824,0.12043524853680652,1.040990025554365,0.7389974405393596,0.906158357771261,0.6915887850467289,0.6842105263157895,ours_b,0.7,1
ours,0.8,0.690677699141063,0.0,1315.52,1315.52,0.690677699141063,13.376388305397287,0.1968624650859987,1.0380956381124389,0.689453249315766,0.8539944903581267,0.75,0.3333333333333333,ours_b,0.7,2
ours,0.8,0.8989717679386606,0.0,1622.68,1622.68,0.8989717679386606,8.78961218477469,0.09313921021140806,0.8333554935070691,0.8990075107296137,0.9280575539568345,0.8279569892473119,0.7368421052631579,ours_b,0.7,3
ours,0.8,0.5443727270996364,0.0,1143.64,1143.64,0.5443727270996364,16.806862195949222,0.11637249861959978,1.1695131471221036,0.5421008112576415,0.8373983739837398,0.6272727272727273,0.5833333333333334,ours_b,0.7,4
ours,0.8,0.8131860894001932,0.0,1481.56,1481.56,0.8131860894001932,10.420291327960568,0.09688680073768333,0.910138754720295,0.8126634457692479,0.8996763754045307,0.8041237113402062,0.7,ours_b,0.7,5
ours,0.8,0.7836740581980051,0.0,1521.08,1521.08,0.7836740581980051,10.566341681730648,0.02495672244662435,0.9293751545626906,0.7828828266433611,0.8885630498533724,0.7850467289719626,0.8947368421052632,ours_b,1.0,1
ours,0.8,0.7635928344918832,0.0,1454.4,1454.4,0.7635928344918832,11.22408514729967,0.038914673330953234,1.035449524329546,0.7625867226783782,0.8677685950413223,0.89,0.6190476190476191,ours_b,1.0,2
ours,0.8,0.9182954394362451,0.0,1657.56,1657.56,0.9182954394362451,8.414432883139881,0.025927403270841642,0.7737889465053406,0.9184549356223176,0.9280575539568345,0.8602150537634409,0.6842105263157895,ours_b,1.0,3
ours,0.8,0.7541364406618305,0.0,1584.32,1584.32,0.7541364406618305,11.5070698109885,0.03080672492907599,1.018068962891034,0.7529893498404399,0.8861788617886179,0.8363636363636363,0.8333333333333334,ours_b,1.0,4
ours,0.8,0.8572934047598139,0.0,1561.92,1561.92,0.8572934047598139,9.382935234735559,0.017673662948976904,0.7929437077368929,0.857098532866451,0.8867313915857605,0.8762886597938144,0.75,ours_b,1.0,5
